id_batiment,id_infra,etat,longueur,type_infrastru,nb_maisons,type_batiment
E000003,P007113,a_remplacer,12.1935087083631,aerien,1,habitation
E000003,P007984,a_remplacer,30.0575979492587,aerien,1,habitation
E000003,P007823,a_remplacer,12.290282829583,aerien,1,habitation
E000067,P006193,a_remplacer,12.1863879405322,fourreau,4,habitation
E000067,P002851,a_remplacer,10.8032015604234,semi-aerien,4,habitation
E000067,P007624,a_remplacer,4.10990474598487,aerien,4,habitation
E000085,P005500,a_remplacer,13.1420349052071,aerien,1,hôpital
E000085,P007990,a_remplacer,18.7028610321555,aerien,1,hôpital
E000085,P007447,a_remplacer,2.84535154473363,fourreau,1,hôpital
E000098,P005531,a_remplacer,14.8493095953268,aerien,7,habitation
E000098,P007639,a_remplacer,6.13280316452202,fourreau,7,habitation
E000106,P005500,a_remplacer,13.1420349052071,aerien,1,école
E000106,P007990,a_remplacer,18.7028610321555,aerien,1,école
E000106,P001391,a_remplacer,7.63593644945982,fourreau,1,école
E000106,P007752,a_remplacer,3.12835142463862,aerien,1,école
E000107,P005500,a_remplacer,13.1420349052071,aerien,2,habitation
E000107,P007990,a_remplacer,18.7028610321555,aerien,2,habitation
E000107,P001391,a_remplacer,7.63593644945982,fourreau,2,habitation
E000107,P007689,a_remplacer,5.1037127857757,aerien,2,habitation
E000108,P005500,a_remplacer,13.1420349052071,aerien,6,habitation
E000108,P007991,a_remplacer,7.5088306175948,fourreau,6,habitation
E000108,P007997,a_remplacer,30.1295771789513,fourreau,6,habitation
E000108,P007476,a_remplacer,4.92849119929359,fourreau,6,habitation
E000109,P005500,a_remplacer,13.1420349052071,aerien,6,habitation
E000109,P007991,a_remplacer,7.5088306175948,fourreau,6,habitation
E000109,P007997,a_remplacer,30.1295771789513,fourreau,6,habitation
E000109,P007572,a_remplacer,5.62700791605979,aerien,6,habitation
E000110,P005500,a_remplacer,13.1420349052071,aerien,3,habitation
E000110,P007991,a_remplacer,7.5088306175948,fourreau,3,habitation
E000110,P007998,a_remplacer,37.0636340148083,aerien,3,habitation
E000110,P007554,a_remplacer,8.72690474251765,fourreau,3,habitation
E000111,P005770,a_remplacer,13.8935987811649,aerien,5,habitation
E000111,P007985,a_remplacer,10.4897301634131,aerien,5,habitation
E000111,P007813,a_remplacer,1.36523196955369,fourreau,5,habitation
E000112,P005664,a_remplacer,12.9108403618454,aerien,6,habitation
E000112,P007448,a_remplacer,7.9742290455672,aerien,6,habitation
E000127,P005117,a_remplacer,13.2627025810985,aerien,8,habitation
E000127,P000873,a_remplacer,5.46510947034025,aerien,8,habitation
E000127,P007790,a_remplacer,5.85611808756648,fourreau,8,habitation
E000128,P005317,a_remplacer,11.95171127553,aerien,6,habitation
E000128,P001156,a_remplacer,13.4887076792516,aerien,6,habitation
E000128,P007679,a_remplacer,4.5706986139249,semi-aerien,6,habitation
E000129,P005317,a_remplacer,11.95171127553,aerien,5,habitation
E000129,P007999,a_remplacer,42.1144223056854,aerien,5,habitation
E000129,P007485,a_remplacer,5.64944506755882,semi-aerien,5,habitation
E000144,P005117,a_remplacer,13.2627025810985,aerien,6,habitation
E000144,P008002,a_remplacer,12.5346743139761,fourreau,6,habitation
E000144,P008006,a_remplacer,17.9528543234573,aerien,6,habitation
E000144,P007737,a_remplacer,4.66009795790718,fourreau,6,habitation
E000145,P005117,a_remplacer,13.2627025810985,aerien,3,habitation
E000145,P008002,a_remplacer,12.5346743139761,fourreau,3,habitation
E000145,P008007,a_remplacer,6.84639309859005,aerien,3,habitation
E000145,P007638,a_remplacer,5.10207355361142,fourreau,3,habitation
E000146,P005100,a_remplacer,6.25975675306654,aerien,2,habitation
E000146,P000732,a_remplacer,10.7871386086093,aerien,2,habitation
E000146,P008001,a_remplacer,9.80181343246892,aerien,2,habitation
E000146,P000719,a_remplacer,10.698159350814,aerien,2,habitation
E000146,P000719,a_remplacer,10.698159350814,aerien,2,habitation
E000146,P000644,a_remplacer,5.79686473036686,aerien,2,habitation
E000146,P007802,a_remplacer,4.65316558492902,semi-aerien,2,habitation
E000160,P005100,a_remplacer,6.25975675306654,aerien,8,habitation
E000160,P000732,a_remplacer,10.7871386086093,aerien,8,habitation
E000160,P008001,a_remplacer,9.80181343246892,aerien,8,habitation
E000160,P000719,a_remplacer,10.698159350814,aerien,8,habitation
E000160,P008005,a_remplacer,8.40245186934037,aerien,8,habitation
E000160,P000723,a_remplacer,13.1599422339419,aerien,8,habitation
E000160,P000600,a_remplacer,9.68226549663264,aerien,8,habitation
E000160,P007641,a_remplacer,6.69156313094176,aerien,8,habitation
E000161,P005100,a_remplacer,6.25975675306654,aerien,2,habitation
E000161,P000732,a_remplacer,10.7871386086093,aerien,2,habitation
E000161,P008001,a_remplacer,9.80181343246892,aerien,2,habitation
E000161,P000719,a_remplacer,10.698159350814,aerien,2,habitation
E000161,P008005,a_remplacer,8.40245186934037,aerien,2,habitation
E000161,P008009,a_remplacer,25.2059107325926,aerien,2,habitation
E000161,P000604,a_remplacer,4.98282106064181,semi-aerien,2,habitation
E000161,P007580,a_remplacer,8.43108274854405,fourreau,2,habitation
E000174,P005100,a_remplacer,6.25975675306654,aerien,1,habitation
E000174,P000732,a_remplacer,10.7871386086093,aerien,1,habitation
E000174,P008001,a_remplacer,9.80181343246892,aerien,1,habitation
E000174,P000719,a_remplacer,10.698159350814,aerien,1,habitation
E000174,P008005,a_remplacer,8.40245186934037,aerien,1,habitation
E000174,P000723,a_remplacer,13.1599422339419,aerien,1,habitation
E000174,P008008,a_remplacer,34.1154172411379,aerien,1,habitation
E000174,P008021,a_remplacer,14.9117118858221,aerien,1,habitation
E000174,P007785,a_remplacer,8.13675729756796,aerien,1,habitation
E000175,P005100,a_remplacer,6.25975675306654,aerien,3,habitation
E000175,P000732,a_remplacer,10.7871386086093,aerien,3,habitation
E000175,P008001,a_remplacer,9.80181343246892,aerien,3,habitation
E000175,P000719,a_remplacer,10.698159350814,aerien,3,habitation
E000175,P008005,a_remplacer,8.40245186934037,aerien,3,habitation
E000175,P000723,a_remplacer,13.1599422339419,aerien,3,habitation
E000175,P008008,a_remplacer,34.1154172411379,aerien,3,habitation
E000175,P008022,a_remplacer,34.8372572653182,aerien,3,habitation
E000175,P007595,a_remplacer,10.0082136912815,semi-aerien,3,habitation
E000176,P005100,a_remplacer,6.25975675306654,aerien,2,habitation
E000176,P000732,a_remplacer,10.7871386086093,aerien,2,habitation
E000176,P008001,a_remplacer,9.80181343246892,aerien,2,habitation
E000176,P000719,a_remplacer,10.698159350814,aerien,2,habitation
E000176,P008005,a_remplacer,8.40245186934037,aerien,2,habitation
E000176,P008009,a_remplacer,25.2059107325926,aerien,2,habitation
E000176,P008015,a_remplacer,34.6108377868067,fourreau,2,habitation
E000176,P008023,a_remplacer,11.2796548571624,semi-aerien,2,habitation
E000176,P007562,a_remplacer,10.7507961303452,fourreau,2,habitation
E000177,P005100,a_remplacer,6.25975675306654,aerien,2,habitation
E000177,P000732,a_remplacer,10.7871386086093,aerien,2,habitation
E000177,P008001,a_remplacer,9.80181343246892,aerien,2,habitation
E000177,P000719,a_remplacer,10.698159350814,aerien,2,habitation
E000177,P008005,a_remplacer,8.40245186934037,aerien,2,habitation
E000177,P008009,a_remplacer,25.2059107325926,aerien,2,habitation
E000177,P008015,a_remplacer,34.6108377868067,fourreau,2,habitation
E000177,P008024,a_remplacer,18.3100645954404,fourreau,2,habitation
E000177,P007566,a_remplacer,6.60727277655205,fourreau,2,habitation
E000178,P005100,a_remplacer,6.25975675306654,aerien,1,habitation
E000178,P000732,a_remplacer,10.7871386086093,aerien,1,habitation
E000178,P008001,a_remplacer,9.80181343246892,aerien,1,habitation
E000178,P000719,a_remplacer,10.698159350814,aerien,1,habitation
E000178,P008003,a_remplacer,16.9947899061457,aerien,1,habitation
E000178,P008004,a_remplacer,4.2679056836056,fourreau,1,habitation
E000178,P000494,a_remplacer,4.84007013228732,aerien,1,habitation
E000178,P000750,a_remplacer,5.4200839327337,fourreau,1,habitation
E000178,P007727,a_remplacer,6.32141109105695,aerien,1,habitation
E000183,P005000,a_remplacer,2.71913580007238,semi-aerien,1,habitation
E000183,P008027,a_remplacer,20.455789433764,fourreau,1,habitation
E000183,P007530,a_remplacer,12.7359304342272,aerien,1,habitation
E000184,P005000,a_remplacer,2.71913580007238,semi-aerien,6,habitation
E000184,P008028,a_remplacer,36.9797725156077,aerien,6,habitation
E000184,P007593,a_remplacer,10.402928114011,semi-aerien,6,habitation
E000185,P006106,a_remplacer,12.8869548736554,aerien,1,habitation
E000185,P002717,a_remplacer,6.93113318288768,fourreau,1,habitation
E000185,P007565,a_remplacer,6.4644213871373,aerien,1,habitation
E000188,P005915,a_remplacer,12.8261922697184,semi-aerien,2,habitation
E000188,P002445,a_remplacer,6.96033389014315,aerien,2,habitation
E000188,P007764,a_remplacer,4.11611330130554,semi-aerien,2,habitation
E000193,P005100,a_remplacer,6.25975675306654,aerien,4,habitation
E000193,P000732,a_remplacer,10.7871386086093,aerien,4,habitation
E000193,P008001,a_remplacer,9.80181343246892,aerien,4,habitation
E000193,P000719,a_remplacer,10.698159350814,aerien,4,habitation
E000193,P008005,a_remplacer,8.40245186934037,aerien,4,habitation
E000193,P000723,a_remplacer,13.1599422339419,aerien,4,habitation
E000193,P008008,a_remplacer,34.1154172411379,aerien,4,habitation
E000193,P008022,a_remplacer,34.8372572653182,aerien,4,habitation
E000193,P008026,a_remplacer,12.0182044137484,semi-aerien,4,habitation
E000193,P007607,a_remplacer,7.64056605573305,aerien,4,habitation
E000194,P005100,a_remplacer,6.25975675306654,aerien,5,habitation
E000194,P000732,a_remplacer,10.7871386086093,aerien,5,habitation
E000194,P008001,a_remplacer,9.80181343246892,aerien,5,habitation
E000194,P000719,a_remplacer,10.698159350814,aerien,5,habitation
E000194,P000719,a_remplacer,10.698159350814,aerien,5,habitation
E000194,P008001,a_remplacer,9.80181343246892,aerien,5,habitation
E000194,P000732,a_remplacer,10.7871386086093,aerien,5,habitation
E000194,P005100,a_remplacer,6.25975675306654,aerien,5,habitation
E000195,P005100,a_remplacer,6.25975675306654,aerien,4,habitation
E000195,P000732,a_remplacer,10.7871386086093,aerien,4,habitation
E000195,P008001,a_remplacer,9.80181343246892,aerien,4,habitation
E000195,P000719,a_remplacer,10.698159350814,aerien,4,habitation
E000195,P000719,a_remplacer,10.698159350814,aerien,4,habitation
E000195,P008001,a_remplacer,9.80181343246892,aerien,4,habitation
E000195,P000732,a_remplacer,10.7871386086093,aerien,4,habitation
E000195,P005100,a_remplacer,6.25975675306654,aerien,4,habitation
E000196,P005100,a_remplacer,6.25975675306654,aerien,3,habitation
E000196,P000732,a_remplacer,10.7871386086093,aerien,3,habitation
E000196,P008001,a_remplacer,9.80181343246892,aerien,3,habitation
E000196,P000719,a_remplacer,10.698159350814,aerien,3,habitation
E000196,P000719,a_remplacer,10.698159350814,aerien,3,habitation
E000196,P008001,a_remplacer,9.80181343246892,aerien,3,habitation
E000196,P000732,a_remplacer,10.7871386086093,aerien,3,habitation
E000196,P005100,a_remplacer,6.25975675306654,aerien,3,habitation
E000197,P005100,a_remplacer,6.25975675306654,aerien,4,habitation
E000197,P000732,a_remplacer,10.7871386086093,aerien,4,habitation
E000197,P008001,a_remplacer,9.80181343246892,aerien,4,habitation
E000197,P000719,a_remplacer,10.698159350814,aerien,4,habitation
E000197,P008003,a_remplacer,16.9947899061457,aerien,4,habitation
E000197,P008004,a_remplacer,4.2679056836056,fourreau,4,habitation
E000197,P000494,a_remplacer,4.84007013228732,aerien,4,habitation
E000197,P000494,a_remplacer,4.84007013228732,aerien,4,habitation
E000197,P000748,a_remplacer,4.62412685627937,aerien,4,habitation
E000197,P007763,a_remplacer,6.65725214040895,aerien,4,habitation
E000198,P005100,a_remplacer,6.25975675306654,aerien,2,habitation
E000198,P000732,a_remplacer,10.7871386086093,aerien,2,habitation
E000198,P008001,a_remplacer,9.80181343246892,aerien,2,habitation
E000198,P000719,a_remplacer,10.698159350814,aerien,2,habitation
E000198,P008003,a_remplacer,16.9947899061457,aerien,2,habitation
E000198,P008004,a_remplacer,4.2679056836056,fourreau,2,habitation
E000198,P000494,a_remplacer,4.84007013228732,aerien,2,habitation
E000198,P008010,a_remplacer,7.57564714734482,fourreau,2,habitation
E000198,P008014,a_remplacer,13.8302331906613,semi-aerien,2,habitation
E000198,P007695,a_remplacer,4.38499382431335,fourreau,2,habitation
E000222,P005820,a_remplacer,14.5718479009645,aerien,6,habitation
E000222,P007627,a_remplacer,8.53830202306228,semi-aerien,6,habitation
E000225,P005100,a_remplacer,6.25975675306654,aerien,5,habitation
E000225,P000732,a_remplacer,10.7871386086093,aerien,5,habitation
E000225,P008001,a_remplacer,9.80181343246892,aerien,5,habitation
E000225,P000719,a_remplacer,10.698159350814,aerien,5,habitation
E000225,P000719,a_remplacer,10.698159350814,aerien,5,habitation
E000225,P008001,a_remplacer,9.80181343246892,aerien,5,habitation
E000225,P000732,a_remplacer,10.7871386086093,aerien,5,habitation
E000225,P005100,a_remplacer,6.25975675306654,aerien,5,habitation
E000226,P005100,a_remplacer,6.25975675306654,aerien,2,habitation
E000226,P000732,a_remplacer,10.7871386086093,aerien,2,habitation
E000226,P008001,a_remplacer,9.80181343246892,aerien,2,habitation
E000226,P000719,a_remplacer,10.698159350814,aerien,2,habitation
E000226,P008003,a_remplacer,16.9947899061457,aerien,2,habitation
E000226,P008004,a_remplacer,4.2679056836056,fourreau,2,habitation
E000226,P000494,a_remplacer,4.84007013228732,aerien,2,habitation
E000226,P000494,a_remplacer,4.84007013228732,aerien,2,habitation
E000226,P008004,a_remplacer,4.2679056836056,fourreau,2,habitation
E000226,P000744,a_remplacer,5.56320770970003,aerien,2,habitation
E000226,P007458,a_remplacer,6.8843047480427,fourreau,2,habitation
E000227,P005100,a_remplacer,6.25975675306654,aerien,2,habitation
E000227,P000732,a_remplacer,10.7871386086093,aerien,2,habitation
E000227,P008001,a_remplacer,9.80181343246892,aerien,2,habitation
E000227,P000719,a_remplacer,10.698159350814,aerien,2,habitation
E000227,P008003,a_remplacer,16.9947899061457,aerien,2,habitation
E000227,P008004,a_remplacer,4.2679056836056,fourreau,2,habitation
E000227,P000494,a_remplacer,4.84007013228732,aerien,2,habitation
E000227,P000494,a_remplacer,4.84007013228732,aerien,2,habitation
E000227,P008004,a_remplacer,4.2679056836056,fourreau,2,habitation
E000227,P000744,a_remplacer,5.56320770970003,aerien,2,habitation
E000227,P007686,a_remplacer,7.59049553958964,aerien,2,habitation
E000228,P005100,a_remplacer,6.25975675306654,aerien,8,habitation
E000228,P000732,a_remplacer,10.7871386086093,aerien,8,habitation
E000228,P008001,a_remplacer,9.80181343246892,aerien,8,habitation
E000228,P000719,a_remplacer,10.698159350814,aerien,8,habitation
E000228,P008003,a_remplacer,16.9947899061457,aerien,8,habitation
E000228,P008004,a_remplacer,4.2679056836056,fourreau,8,habitation
E000228,P000494,a_remplacer,4.84007013228732,aerien,8,habitation
E000228,P008010,a_remplacer,7.57564714734482,fourreau,8,habitation
E000228,P008012,a_remplacer,2.80432575486411,aerien,8,habitation
E000228,P008011,a_remplacer,10.0806400820172,semi-aerien,8,habitation
E000228,P007810,a_remplacer,0.372684471449813,fourreau,8,habitation
E000229,P005100,a_remplacer,6.25975675306654,aerien,1,habitation
E000229,P000732,a_remplacer,10.7871386086093,aerien,1,habitation
E000229,P008001,a_remplacer,9.80181343246892,aerien,1,habitation
E000229,P000719,a_remplacer,10.698159350814,aerien,1,habitation
E000229,P008003,a_remplacer,16.9947899061457,aerien,1,habitation
E000229,P008004,a_remplacer,4.2679056836056,fourreau,1,habitation
E000229,P000494,a_remplacer,4.84007013228732,aerien,1,habitation
E000229,P008010,a_remplacer,7.57564714734482,fourreau,1,habitation
E000229,P008012,a_remplacer,2.80432575486411,aerien,1,habitation
E000229,P008011,a_remplacer,10.0806400820172,semi-aerien,1,habitation
E000229,P007731,a_remplacer,3.79968906454059,fourreau,1,habitation
E000252,P005820,a_remplacer,14.5718479009645,aerien,5,habitation
E000252,P007988,a_remplacer,17.9351395403247,semi-aerien,5,habitation
E000252,P007698,a_remplacer,9.47252997174691,aerien,5,habitation
E000257,P005100,a_remplacer,6.25975675306654,aerien,1,habitation
E000257,P000732,a_remplacer,10.7871386086093,aerien,1,habitation
E000257,P008001,a_remplacer,9.80181343246892,aerien,1,habitation
E000257,P000719,a_remplacer,10.698159350814,aerien,1,habitation
E000257,P000719,a_remplacer,10.698159350814,aerien,1,habitation
E000257,P008001,a_remplacer,9.80181343246892,aerien,1,habitation
E000257,P000732,a_remplacer,10.7871386086093,aerien,1,habitation
E000257,P005100,a_remplacer,6.25975675306654,aerien,1,habitation
E000257,P005193,a_remplacer,14.491126102841,fourreau,1,habitation
E000257,P007992,a_remplacer,10.3986057299725,fourreau,1,habitation
E000257,P007648,a_remplacer,3.39796783687204,aerien,1,habitation
E000258,P005100,a_remplacer,6.25975675306654,aerien,6,habitation
E000258,P000732,a_remplacer,10.7871386086093,aerien,6,habitation
E000258,P008001,a_remplacer,9.80181343246892,aerien,6,habitation
E000258,P000719,a_remplacer,10.698159350814,aerien,6,habitation
E000258,P000719,a_remplacer,10.698159350814,aerien,6,habitation
E000258,P008001,a_remplacer,9.80181343246892,aerien,6,habitation
E000258,P000732,a_remplacer,10.7871386086093,aerien,6,habitation
E000258,P005100,a_remplacer,6.25975675306654,aerien,6,habitation
E000259,P005100,a_remplacer,6.25975675306654,aerien,8,habitation
E000259,P000732,a_remplacer,10.7871386086093,aerien,8,habitation
E000259,P008001,a_remplacer,9.80181343246892,aerien,8,habitation
E000259,P000719,a_remplacer,10.698159350814,aerien,8,habitation
E000259,P000719,a_remplacer,10.698159350814,aerien,8,habitation
E000259,P008001,a_remplacer,9.80181343246892,aerien,8,habitation
E000259,P000732,a_remplacer,10.7871386086093,aerien,8,habitation
E000259,P005100,a_remplacer,6.25975675306654,aerien,8,habitation
E000260,P005100,a_remplacer,6.25975675306654,aerien,7,habitation
E000260,P000732,a_remplacer,10.7871386086093,aerien,7,habitation
E000260,P008001,a_remplacer,9.80181343246892,aerien,7,habitation
E000260,P000719,a_remplacer,10.698159350814,aerien,7,habitation
E000260,P008003,a_remplacer,16.9947899061457,aerien,7,habitation
E000260,P008004,a_remplacer,4.2679056836056,fourreau,7,habitation
E000260,P000494,a_remplacer,4.84007013228732,aerien,7,habitation
E000260,P008010,a_remplacer,7.57564714734482,fourreau,7,habitation
E000260,P008012,a_remplacer,2.80432575486411,aerien,7,habitation
E000260,P008013,a_remplacer,8.28759638847956,fourreau,7,habitation
E000260,P000740,a_remplacer,5.23566836620947,fourreau,7,habitation
E000260,P007702,a_remplacer,4.73832300241692,aerien,7,habitation
E000266,P006709,a_remplacer,13.4212136147779,aerien,8,habitation
E000266,P008025,a_remplacer,10.7673305164675,aerien,8,habitation
E000266,P007692,a_remplacer,9.64962873769354,semi-aerien,8,habitation
E000267,P006457,a_remplacer,9.77631599620947,fourreau,4,habitation
E000267,P003569,a_remplacer,8.31138115880164,aerien,4,habitation
E000267,P007777,a_remplacer,8.95144561872574,fourreau,4,habitation
E000268,P006457,a_remplacer,9.77631599620947,fourreau,6,habitation
E000268,P003569,a_remplacer,8.31138115880164,aerien,6,habitation
E000268,P007696,a_remplacer,14.6793721892947,aerien,6,habitation
E000274,P005781,a_remplacer,14.510677085006,aerien,4,habitation
E000274,P007539,a_remplacer,6.64993672554073,aerien,4,habitation
E000275,P005100,a_remplacer,6.25975675306654,aerien,1,habitation
E000275,P000732,a_remplacer,10.7871386086093,aerien,1,habitation
E000275,P008001,a_remplacer,9.80181343246892,aerien,1,habitation
E000275,P000719,a_remplacer,10.698159350814,aerien,1,habitation
E000275,P008003,a_remplacer,16.9947899061457,aerien,1,habitation
E000275,P008004,a_remplacer,4.2679056836056,fourreau,1,habitation
E000275,P000494,a_remplacer,4.84007013228732,aerien,1,habitation
E000275,P008010,a_remplacer,7.57564714734482,fourreau,1,habitation
E000275,P008012,a_remplacer,2.80432575486411,aerien,1,habitation
E000275,P008013,a_remplacer,8.28759638847956,fourreau,1,habitation
E000275,P000476,a_remplacer,4.08484495788828,fourreau,1,habitation
E000275,P000717,a_remplacer,5.06471817304192,aerien,1,habitation
E000275,P007618,a_remplacer,3.98512786168602,aerien,1,habitation
E000293,P006709,a_remplacer,13.4212136147779,aerien,4,habitation
E000293,P008025,a_remplacer,10.7673305164675,aerien,4,habitation
E000293,P003849,a_remplacer,4.45174541295179,fourreau,4,habitation
E000293,P007713,a_remplacer,14.7479475229988,aerien,4,habitation
E000301,P005726,a_remplacer,13.6049409361135,aerien,3,habitation
E000301,P007994,a_remplacer,5.03354509521443,aerien,3,habitation
E000301,P003202,a_remplacer,3.57039201834049,semi-aerien,3,habitation
E000301,P007597,a_remplacer,6.31480197224767,fourreau,3,habitation
E000302,P005100,a_remplacer,6.25975675306654,aerien,7,habitation
E000302,P000732,a_remplacer,10.7871386086093,aerien,7,habitation
E000302,P008001,a_remplacer,9.80181343246892,aerien,7,habitation
E000302,P000719,a_remplacer,10.698159350814,aerien,7,habitation
E000302,P000719,a_remplacer,10.698159350814,aerien,7,habitation
E000302,P008001,a_remplacer,9.80181343246892,aerien,7,habitation
E000302,P000732,a_remplacer,10.7871386086093,aerien,7,habitation
E000302,P005100,a_remplacer,6.25975675306654,aerien,7,habitation
E000302,P005100,a_remplacer,6.25975675306654,aerien,7,habitation
E000302,P000732,a_remplacer,10.7871386086093,aerien,7,habitation
E000302,P000730,a_remplacer,1.29899271965775,fourreau,7,habitation
E000302,P007631,a_remplacer,4.7919164305287,fourreau,7,habitation
E000303,P005100,a_remplacer,6.25975675306654,aerien,4,habitation
E000303,P000732,a_remplacer,10.7871386086093,aerien,4,habitation
E000303,P008001,a_remplacer,9.80181343246892,aerien,4,habitation
E000303,P000719,a_remplacer,10.698159350814,aerien,4,habitation
E000303,P008003,a_remplacer,16.9947899061457,aerien,4,habitation
E000303,P008004,a_remplacer,4.2679056836056,fourreau,4,habitation
E000303,P000494,a_remplacer,4.84007013228732,aerien,4,habitation
E000303,P008010,a_remplacer,7.57564714734482,fourreau,4,habitation
E000303,P008012,a_remplacer,2.80432575486411,aerien,4,habitation
E000303,P008013,a_remplacer,8.28759638847956,fourreau,4,habitation
E000303,P000476,a_remplacer,4.08484495788828,fourreau,4,habitation
E000303,P008016,a_remplacer,8.04338585809972,fourreau,4,habitation
E000303,P008020,a_remplacer,11.7528304195152,aerien,4,habitation
E000303,P007567,a_remplacer,4.70550586894857,aerien,4,habitation
E000315,P005726,a_remplacer,13.6049409361135,aerien,4,habitation
E000315,P007994,a_remplacer,5.03354509521443,aerien,4,habitation
E000315,P007995,a_remplacer,20.6914541519515,aerien,4,habitation
E000315,P003330,a_remplacer,1.95148972393884,aerien,4,habitation
E000315,P007770,a_remplacer,3.21575403753504,aerien,4,habitation
E000316,P005726,a_remplacer,13.6049409361135,aerien,5,habitation
E000316,P007994,a_remplacer,5.03354509521443,aerien,5,habitation
E000316,P007995,a_remplacer,20.6914541519515,aerien,5,habitation
E000316,P007996,a_remplacer,9.96720012610787,aerien,5,habitation
E000316,P007662,a_remplacer,1.45309505359909,aerien,5,habitation
E000317,P005100,a_remplacer,6.25975675306654,aerien,2,habitation
E000317,P000732,a_remplacer,10.7871386086093,aerien,2,habitation
E000317,P008001,a_remplacer,9.80181343246892,aerien,2,habitation
E000317,P000719,a_remplacer,10.698159350814,aerien,2,habitation
E000317,P008003,a_remplacer,16.9947899061457,aerien,2,habitation
E000317,P008004,a_remplacer,4.2679056836056,fourreau,2,habitation
E000317,P000494,a_remplacer,4.84007013228732,aerien,2,habitation
E000317,P008010,a_remplacer,7.57564714734482,fourreau,2,habitation
E000317,P008012,a_remplacer,2.80432575486411,aerien,2,habitation
E000317,P008013,a_remplacer,8.28759638847956,fourreau,2,habitation
E000317,P000476,a_remplacer,4.08484495788828,fourreau,2,habitation
E000317,P008016,a_remplacer,8.04338585809972,fourreau,2,habitation
E000317,P000470,a_remplacer,2.57224945914596,aerien,2,habitation
E000317,P000635,a_remplacer,5.16644492273189,aerien,2,habitation
E000317,P007584,a_remplacer,3.081639376471,aerien,2,habitation
E000322,P006712,a_remplacer,12.5562775429942,fourreau,5,habitation
E000322,P003802,a_remplacer,12.5012019609488,aerien,5,habitation
E000322,P007602,a_remplacer,11.2388526888587,aerien,5,habitation
E000325,P006709,a_remplacer,13.4212136147779,aerien,3,habitation
E000325,P008025,a_remplacer,10.7673305164675,aerien,3,habitation
E000325,P003849,a_remplacer,4.45174541295179,fourreau,3,habitation
E000325,P008029,a_remplacer,32.2334229767792,semi-aerien,3,habitation
E000325,P003934,a_remplacer,6.60463481490573,aerien,3,habitation
E000325,P007552,a_remplacer,8.33224937288682,fourreau,3,habitation
E000326,P006709,a_remplacer,13.4212136147779,aerien,3,habitation
E000326,P008025,a_remplacer,10.7673305164675,aerien,3,habitation
E000326,P003849,a_remplacer,4.45174541295179,fourreau,3,habitation
E000326,P008029,a_remplacer,32.2334229767792,semi-aerien,3,habitation
E000326,P008030,a_remplacer,10.1313417193291,semi-aerien,3,habitation
E000326,P007715,a_remplacer,11.9577038177932,semi-aerien,3,habitation
E000327,P005100,a_remplacer,6.25975675306654,aerien,3,habitation
E000327,P000732,a_remplacer,10.7871386086093,aerien,3,habitation
E000327,P008001,a_remplacer,9.80181343246892,aerien,3,habitation
E000327,P000719,a_remplacer,10.698159350814,aerien,3,habitation
E000327,P008003,a_remplacer,16.9947899061457,aerien,3,habitation
E000327,P008004,a_remplacer,4.2679056836056,fourreau,3,habitation
E000327,P000494,a_remplacer,4.84007013228732,aerien,3,habitation
E000327,P008010,a_remplacer,7.57564714734482,fourreau,3,habitation
E000327,P008012,a_remplacer,2.80432575486411,aerien,3,habitation
E000327,P008013,a_remplacer,8.28759638847956,fourreau,3,habitation
E000327,P000476,a_remplacer,4.08484495788828,fourreau,3,habitation
E000327,P008016,a_remplacer,8.04338585809972,fourreau,3,habitation
E000327,P000470,a_remplacer,2.57224945914596,aerien,3,habitation
E000327,P008019,a_remplacer,4.16591671935325,semi-aerien,3,habitation
E000327,P000633,a_remplacer,5.1921602413572,aerien,3,habitation
E000327,P007677,a_remplacer,3.55803562516816,fourreau,3,habitation
E000346,P006712,a_remplacer,12.5562775429942,fourreau,7,habitation
E000346,P003802,a_remplacer,12.5012019609488,aerien,7,habitation
E000346,P003870,a_remplacer,6.48414270909882,aerien,7,habitation
E000346,P007699,a_remplacer,11.7815303649109,semi-aerien,7,habitation
E000358,P005100,a_remplacer,6.25975675306654,aerien,4,habitation
E000358,P000732,a_remplacer,10.7871386086093,aerien,4,habitation
E000358,P008001,a_remplacer,9.80181343246892,aerien,4,habitation
E000358,P000719,a_remplacer,10.698159350814,aerien,4,habitation
E000358,P008003,a_remplacer,16.9947899061457,aerien,4,habitation
E000358,P008004,a_remplacer,4.2679056836056,fourreau,4,habitation
E000358,P000494,a_remplacer,4.84007013228732,aerien,4,habitation
E000358,P008010,a_remplacer,7.57564714734482,fourreau,4,habitation
E000358,P008012,a_remplacer,2.80432575486411,aerien,4,habitation
E000358,P008013,a_remplacer,8.28759638847956,fourreau,4,habitation
E000358,P000476,a_remplacer,4.08484495788828,fourreau,4,habitation
E000358,P008016,a_remplacer,8.04338585809972,fourreau,4,habitation
E000358,P000470,a_remplacer,2.57224945914596,aerien,4,habitation
E000358,P008019,a_remplacer,4.16591671935325,semi-aerien,4,habitation
E000358,P000464,a_remplacer,4.85875310412324,fourreau,4,habitation
E000358,P000629,a_remplacer,5.31366434867898,aerien,4,habitation
E000358,P007544,a_remplacer,3.33630911377794,aerien,4,habitation
E000359,P006712,a_remplacer,12.5562775429942,fourreau,4,habitation
E000359,P003802,a_remplacer,12.5012019609488,aerien,4,habitation
E000359,P003870,a_remplacer,6.48414270909882,aerien,4,habitation
E000359,P003881,a_remplacer,5.48429532793334,aerien,4,habitation
E000359,P007637,a_remplacer,11.4459140938685,aerien,4,habitation
E000360,P006950,a_remplacer,4.98657320364,fourreau,2,habitation
E000360,P008033,a_remplacer,30.5368269197176,fourreau,2,habitation
E000360,P004282,a_remplacer,6.15148232447661,aerien,2,habitation
E000360,P007528,a_remplacer,10.759672538483,aerien,2,habitation
E000361,P006950,a_remplacer,4.98657320364,fourreau,1,habitation
E000361,P008033,a_remplacer,30.5368269197176,fourreau,1,habitation
E000361,P004271,a_remplacer,6.61138266761108,fourreau,1,habitation
E000361,P007529,a_remplacer,12.4769836838268,aerien,1,habitation
E000363,P005100,a_remplacer,6.25975675306654,aerien,2,habitation
E000363,P000732,a_remplacer,10.7871386086093,aerien,2,habitation
E000363,P008001,a_remplacer,9.80181343246892,aerien,2,habitation
E000363,P000719,a_remplacer,10.698159350814,aerien,2,habitation
E000363,P008003,a_remplacer,16.9947899061457,aerien,2,habitation
E000363,P008004,a_remplacer,4.2679056836056,fourreau,2,habitation
E000363,P000494,a_remplacer,4.84007013228732,aerien,2,habitation
E000363,P008010,a_remplacer,7.57564714734482,fourreau,2,habitation
E000363,P008012,a_remplacer,2.80432575486411,aerien,2,habitation
E000363,P008013,a_remplacer,8.28759638847956,fourreau,2,habitation
E000363,P000476,a_remplacer,4.08484495788828,fourreau,2,habitation
E000363,P008016,a_remplacer,8.04338585809972,fourreau,2,habitation
E000363,P000470,a_remplacer,2.57224945914596,aerien,2,habitation
E000363,P008019,a_remplacer,4.16591671935325,semi-aerien,2,habitation
E000363,P000464,a_remplacer,4.85875310412324,fourreau,2,habitation
E000363,P000462,a_remplacer,3.69477602082419,fourreau,2,habitation
E000363,P000627,a_remplacer,4.90868168597643,fourreau,2,habitation
E000363,P007645,a_remplacer,3.03521930158189,aerien,2,habitation
E000364,P004862,a_remplacer,8.82148724309171,aerien,5,habitation
E000364,P008031,a_remplacer,10.978932377147,aerien,5,habitation
E000364,P007518,a_remplacer,4.91814131725302,aerien,5,habitation
E000365,P004862,a_remplacer,8.82148724309171,aerien,8,habitation
E000365,P008031,a_remplacer,10.978932377147,aerien,8,habitation
E000365,P007780,a_remplacer,9.91136244085116,fourreau,8,habitation
E000366,P006712,a_remplacer,12.5562775429942,fourreau,2,habitation
E000366,P003802,a_remplacer,12.5012019609488,aerien,2,habitation
E000366,P003870,a_remplacer,6.48414270909882,aerien,2,habitation
E000366,P003881,a_remplacer,5.48429532793334,aerien,2,habitation
E000366,P003903,a_remplacer,10.912493042733,aerien,2,habitation
E000366,P007478,a_remplacer,12.9024250386495,semi-aerien,2,habitation
E000367,P006950,a_remplacer,4.98657320364,fourreau,3,habitation
E000367,P008033,a_remplacer,30.5368269197176,fourreau,3,habitation
E000367,P004282,a_remplacer,6.15148232447661,aerien,3,habitation
E000367,P004284,a_remplacer,5.44625644673519,aerien,3,habitation
E000367,P007564,a_remplacer,7.13168893719009,aerien,3,habitation
E000368,P006950,a_remplacer,4.98657320364,fourreau,8,habitation
E000368,P008033,a_remplacer,30.5368269197176,fourreau,8,habitation
E000368,P004282,a_remplacer,6.15148232447661,aerien,8,habitation
E000368,P004284,a_remplacer,5.44625644673519,aerien,8,habitation
E000368,P007609,a_remplacer,7.79612855602243,aerien,8,habitation
E000369,P006950,a_remplacer,4.98657320364,fourreau,3,habitation
E000369,P008033,a_remplacer,30.5368269197176,fourreau,3,habitation
E000369,P004271,a_remplacer,6.61138266761108,fourreau,3,habitation
E000369,P004269,a_remplacer,8.03245737103393,aerien,3,habitation
E000369,P007507,a_remplacer,8.2451799365212,fourreau,3,habitation
E000370,P005100,a_remplacer,6.25975675306654,aerien,2,habitation
E000370,P000732,a_remplacer,10.7871386086093,aerien,2,habitation
E000370,P008001,a_remplacer,9.80181343246892,aerien,2,habitation
E000370,P000719,a_remplacer,10.698159350814,aerien,2,habitation
E000370,P008003,a_remplacer,16.9947899061457,aerien,2,habitation
E000370,P008004,a_remplacer,4.2679056836056,fourreau,2,habitation
E000370,P000494,a_remplacer,4.84007013228732,aerien,2,habitation
E000370,P008010,a_remplacer,7.57564714734482,fourreau,2,habitation
E000370,P008012,a_remplacer,2.80432575486411,aerien,2,habitation
E000370,P008013,a_remplacer,8.28759638847956,fourreau,2,habitation
E000370,P000476,a_remplacer,4.08484495788828,fourreau,2,habitation
E000370,P008016,a_remplacer,8.04338585809972,fourreau,2,habitation
E000370,P000470,a_remplacer,2.57224945914596,aerien,2,habitation
E000370,P008019,a_remplacer,4.16591671935325,semi-aerien,2,habitation
E000370,P000464,a_remplacer,4.85875310412324,fourreau,2,habitation
E000370,P000462,a_remplacer,3.69477602082419,fourreau,2,habitation
E000370,P008017,a_remplacer,4.27226322548612,aerien,2,habitation
E000370,P000621,a_remplacer,6.05514938826793,aerien,2,habitation
E000370,P007533,a_remplacer,2.84839658610424,semi-aerien,2,habitation
E000371,P005100,a_remplacer,6.25975675306654,aerien,6,habitation
E000371,P000732,a_remplacer,10.7871386086093,aerien,6,habitation
E000371,P008001,a_remplacer,9.80181343246892,aerien,6,habitation
E000371,P000719,a_remplacer,10.698159350814,aerien,6,habitation
E000371,P008003,a_remplacer,16.9947899061457,aerien,6,habitation
E000371,P008004,a_remplacer,4.2679056836056,fourreau,6,habitation
E000371,P000494,a_remplacer,4.84007013228732,aerien,6,habitation
E000371,P008010,a_remplacer,7.57564714734482,fourreau,6,habitation
E000371,P008012,a_remplacer,2.80432575486411,aerien,6,habitation
E000371,P008013,a_remplacer,8.28759638847956,fourreau,6,habitation
E000371,P000476,a_remplacer,4.08484495788828,fourreau,6,habitation
E000371,P008016,a_remplacer,8.04338585809972,fourreau,6,habitation
E000371,P000470,a_remplacer,2.57224945914596,aerien,6,habitation
E000371,P008019,a_remplacer,4.16591671935325,semi-aerien,6,habitation
E000371,P000464,a_remplacer,4.85875310412324,fourreau,6,habitation
E000371,P000462,a_remplacer,3.69477602082419,fourreau,6,habitation
E000371,P008017,a_remplacer,4.27226322548612,aerien,6,habitation
E000371,P008018,a_remplacer,14.7483787687636,aerien,6,habitation
E000371,P007616,a_remplacer,7.57918244268621,aerien,6,habitation
E000372,P006950,a_remplacer,4.98657320364,fourreau,5,habitation
E000372,P008033,a_remplacer,30.5368269197176,fourreau,5,habitation
E000372,P004271,a_remplacer,6.61138266761108,fourreau,5,habitation
E000372,P004269,a_remplacer,8.03245737103393,aerien,5,habitation
E000372,P004261,a_remplacer,8.0897383575819,semi-aerien,5,habitation
E000372,P007610,a_remplacer,8.8689078508038,fourreau,5,habitation
E000373,P004862,a_remplacer,8.82148724309171,aerien,8,habitation
E000373,P008031,a_remplacer,10.978932377147,aerien,8,habitation
E000373,P008032,a_remplacer,10.5209747840379,aerien,8,habitation
E000373,P004209,a_remplacer,9.97549376892212,fourreau,8,habitation
E000373,P007514,a_remplacer,10.3279655802057,aerien,8,habitation
E000374,P004862,a_remplacer,8.82148724309171,aerien,7,habitation
E000374,P008031,a_remplacer,10.978932377147,aerien,7,habitation
E000374,P008032,a_remplacer,10.5209747840379,aerien,7,habitation
E000374,P008034,a_remplacer,10.0099030897997,fourreau,7,habitation
E000374,P007534,a_remplacer,11.0908638527212,fourreau,7,habitation
E000375,P006950,a_remplacer,4.98657320364,fourreau,1,habitation
E000375,P008033,a_remplacer,30.5368269197176,fourreau,1,habitation
E000375,P004271,a_remplacer,6.61138266761108,fourreau,1,habitation
E000375,P004269,a_remplacer,8.03245737103393,aerien,1,habitation
E000375,P004261,a_remplacer,8.0897383575819,semi-aerien,1,habitation
E000375,P004257,a_remplacer,6.11375464797472,semi-aerien,1,habitation
E000375,P007768,a_remplacer,9.32956330061528,aerien,1,habitation
E000376,P004862,a_remplacer,8.82148724309171,aerien,8,habitation
E000376,P008031,a_remplacer,10.978932377147,aerien,8,habitation
E000376,P008032,a_remplacer,10.5209747840379,aerien,8,habitation
E000376,P004209,a_remplacer,9.97549376892212,fourreau,8,habitation
E000376,P004211,a_remplacer,2.87454919232451,fourreau,8,habitation
E000376,P007506,a_remplacer,14.6582864643116,aerien,8,habitation
E000377,P004862,a_remplacer,8.82148724309171,aerien,6,habitation
E000377,P008031,a_remplacer,10.978932377147,aerien,6,habitation
E000377,P008032,a_remplacer,10.5209747840379,aerien,6,habitation
E000377,P008035,a_remplacer,11.7197592250876,aerien,6,habitation
E000377,P004196,a_remplacer,7.74281322100572,fourreau,6,habitation
E000377,P007703,a_remplacer,10.1403162890544,semi-aerien,6,habitation
E000378,P004862,a_remplacer,8.82148724309171,aerien,5,habitation
E000378,P008031,a_remplacer,10.978932377147,aerien,5,habitation
E000378,P008032,a_remplacer,10.5209747840379,aerien,5,habitation
E000378,P008035,a_remplacer,11.7197592250876,aerien,5,habitation
E000378,P004234,a_remplacer,13.4849030344439,aerien,5,habitation
E000378,P007497,a_remplacer,7.52768320033647,aerien,5,habitation
E000379,P006950,a_remplacer,4.98657320364,fourreau,2,habitation
E000379,P008033,a_remplacer,30.5368269197176,fourreau,2,habitation
E000379,P004271,a_remplacer,6.61138266761108,fourreau,2,habitation
E000379,P004269,a_remplacer,8.03245737103393,aerien,2,habitation
E000379,P004261,a_remplacer,8.0897383575819,semi-aerien,2,habitation
E000379,P004257,a_remplacer,6.11375464797472,semi-aerien,2,habitation
E000379,P004251,a_remplacer,5.83511135139461,aerien,2,habitation
E000379,P007766,a_remplacer,10.9647553869973,semi-aerien,2,habitation
E000380,P004862,a_remplacer,8.82148724309171,aerien,4,habitation
E000380,P008031,a_remplacer,10.978932377147,aerien,4,habitation
E000380,P008032,a_remplacer,10.5209747840379,aerien,4,habitation
E000380,P008035,a_remplacer,11.7197592250876,aerien,4,habitation
E000380,P004196,a_remplacer,7.74281322100572,fourreau,4,habitation
E000380,P004185,a_remplacer,5.82173712682777,aerien,4,habitation
E000380,P007463,a_remplacer,9.79128091421177,fourreau,4,habitation
E000381,P004862,a_remplacer,8.82148724309171,aerien,8,habitation
E000381,P008031,a_remplacer,10.978932377147,aerien,8,habitation
E000381,P008032,a_remplacer,10.5209747840379,aerien,8,habitation
E000381,P008035,a_remplacer,11.7197592250876,aerien,8,habitation
E000381,P004234,a_remplacer,13.4849030344439,aerien,8,habitation
E000381,P008036,a_remplacer,7.44176035956022,semi-aerien,8,habitation
E000381,P007459,a_remplacer,9.86535817150771,aerien,8,habitation
